ID,Class
6284,H
6285,E
6286,I
6287,d
6288,T
6289,z
6290,O
6291,J
6292,B
6293,H
6294,N
6295,W
6296,A
6297,H
6298,e
6299,E
6300,A
6301,R
6302,X
6303,s
6304,M
6305,T
6306,A
6307,3
6308,Q
6309,s
6310,E
6311,U
6312,n
6313,r
6314,A
6315,W
6316,e
6317,v
6318,l
6319,a
6320,L
6321,h
6322,O
6323,i
6324,W
6325,I
6326,5
6327,m
6328,g
6329,I
6330,u
6331,A
6332,i
6333,v
6334,U
6335,E
6336,i
6337,q
6338,M
6339,U
6340,O
6341,s
6342,4
6343,8
6344,o
6345,R
6346,E
6347,7
6348,a
6349,f
6350,c
6351,p
6352,W
6353,I
6354,O
6355,6
6356,O
6357,J
6358,r
6359,N
6360,U
6361,W
6362,N
6363,H
6364,x
6365,M
6366,0
6367,p
6368,H
6369,I
6370,Y
6371,h
6372,N
6373,R
6374,x
6375,y
6376,L
6377,A
6378,F
6379,S
6380,T
6381,M
6382,O
6383,E
6384,R
6385,R
6386,S
6387,C
6388,n
6389,o
6390,A
6391,e
6392,T
6393,2
6394,A
6395,P
6396,r
6397,m
6398,S
6399,A
6400,r
6401,S
6402,K
6403,E
6404,N
6405,V
6406,W
6407,m
6408,I
6409,5
6410,N
6411,c
6412,Z
6413,O
6414,R
6415,A
6416,N
6417,O
6418,P
6419,N
6420,H
6421,N
6422,O
6423,N
6424,s
6425,B
6426,Z
6427,4
6428,o
6429,D
6430,i
6431,3
6432,J
6433,S
6434,S
6435,O
6436,l
6437,T
6438,F
6439,O
6440,A
6441,5
6442,0
6443,5
6444,s
6445,I
6446,E
6447,B
6448,N
6449,A
6450,y
6451,L
6452,d
6453,k
6454,R
6455,p
6456,R
6457,E
6458,1
6459,T
6460,u
6461,N
6462,A
6463,I
6464,p
6465,c
6466,H
6467,c
6468,A
6469,A
6470,u
6471,H
6472,4
6473,5
6474,c
6475,N
6476,A
6477,T
6478,Q
6479,A
6480,X
6481,q
6482,T
6483,T
6484,D
6485,H
6486,D
6487,f
6488,F
6489,P
6490,c
6491,D
6492,P
6493,A
6494,V
6495,k
6496,W
6497,J
6498,g
6499,U
6500,m
6501,i
6502,O
6503,n
6504,A
6505,K
6506,o
6507,I
6508,e
6509,E
6510,H
6511,U
6512,d
6513,r
6514,M
6515,9
6516,N
6517,S
6518,M
6519,I
6520,O
6521,a
6522,R
6523,d
6524,8
6525,L
6526,E
6527,C
6528,O
6529,C
6530,i
6531,0
6532,N
6533,S
6534,a
6535,c
6536,7
6537,R
6538,t
6539,H
6540,E
6541,O
6542,R
6543,E
6544,O
6545,h
6546,t
6547,l
6548,M
6549,T
6550,A
6551,B
6552,N
6553,M
6554,e
6555,I
6556,w
6557,O
6558,6
6559,I
6560,p
6561,6
6562,O
6563,O
6564,G
6565,E
6566,q
6567,x
6568,d
6569,S
6570,F
6571,N
6572,O
6573,N
6574,s
6575,0
6576,H
6577,O
6578,O
6579,s
6580,A
6581,X
6582,R
6583,1
6584,6
6585,T
6586,1
6587,r
6588,c
6589,S
6590,A
6591,E
6592,B
6593,L
6594,e
6595,P
6596,d
6597,o
6598,I
6599,A
6600,I
6601,O
6602,F
6603,E
6604,V
6605,S
6606,L
6607,c
6608,r
6609,T
6610,H
6611,c
6612,a
6613,4
6614,O
6615,C
6616,O
6617,P
6618,M
6619,Q
6620,R
6621,U
6622,C
6623,o
6624,N
6625,n
6626,G
6627,P
6628,O
6629,F
6630,K
6631,O
6632,T
6633,U
6634,n
6635,B
6636,u
6637,U
6638,T
6639,E
6640,C
6641,T
6642,P
6643,0
6644,s
6645,E
6646,i
6647,C
6648,G
6649,H
6650,P
6651,e
6652,2
6653,o
6654,N
6655,m
6656,f
6657,P
6658,K
6659,2
6660,C
6661,E
6662,U
6663,H
6664,2
6665,s
6666,R
6667,O
6668,A
6669,0
6670,I
6671,C
6672,p
6673,O
6674,R
6675,P
6676,S
6677,M
6678,P
6679,T
6680,L
6681,P
6682,E
6683,C
6684,A
6685,M
6686,N
6687,l
6688,R
6689,L
6690,A
6691,s
6692,T
6693,A
6694,M
6695,j
6696,T
6697,E
6698,r
6699,x
6700,G
6701,G
6702,K
6703,S
6704,D
6705,P
6706,M
6707,L
6708,I
6709,c
6710,I
6711,O
6712,6
6713,T
6714,D
6715,E
6716,A
6717,S
6718,4
6719,q
6720,V
6721,S
6722,H
6723,M
6724,n
6725,M
6726,T
6727,N
6728,E
6729,2
6730,S
6731,I
6732,T
6733,C
6734,L
6735,l
6736,O
6737,D
6738,R
6739,n
6740,E
6741,3
6742,T
6743,E
6744,A
6745,n
6746,R
6747,N
6748,a
6749,z
6750,I
6751,f
6752,t
6753,n
6754,j
6755,u
6756,e
6757,A
6758,R
6759,A
6760,T
6761,e
6762,3
6763,U
6764,u
6765,S
6766,I
6767,U
6768,u
6769,o
6770,c
6771,8
6772,V
6773,R
6774,v
6775,T
6776,A
6777,g
6778,0
6779,o
6780,c
6781,a
6782,O
6783,C
6784,T
6785,C
6786,t
6787,T
6788,G
6789,S
6790,0
6791,t
6792,N
6793,O
6794,M
6795,T
6796,D
6797,A
6798,U
6799,o
6800,k
6801,r
6802,0
6803,A
6804,A
6805,A
6806,T
6807,Q
6808,C
6809,N
6810,0
6811,K
6812,V
6813,S
6814,t
6815,n
6816,A
6817,B
6818,t
6819,D
6820,A
6821,E
6822,S
6823,9
6824,2
6825,H
6826,S
6827,N
6828,N
6829,P
6830,R
6831,a
6832,c
6833,E
6834,5
6835,2
6836,E
6837,I
6838,a
6839,f
6840,l
6841,x
6842,a
6843,E
6844,O
6845,d
6846,p
6847,O
6848,a
6849,i
6850,h
6851,O
6852,O
6853,e
6854,E
6855,d
6856,B
6857,V
6858,N
6859,N
6860,D
6861,w
6862,G
6863,T
6864,E
6865,I
6866,E
6867,A
6868,9
6869,K
6870,f
6871,L
6872,T
6873,O
6874,3
6875,G
6876,1
6877,N
6878,L
6879,I
6880,a
6881,a
6882,0
6883,Y
6884,L
6885,4
6886,I
6887,A
6888,A
6889,E
6890,a
6891,S
6892,i
6893,T
6894,c
6895,I
6896,J
6897,A
6898,r
6899,A
6900,a
6901,V
6902,G
6903,q
6904,S
6905,L
6906,I
6907,R
6908,B
6909,4
6910,L
6911,I
6912,R
6913,Q
6914,I
6915,O
6916,T
6917,e
6918,a
6919,T
6920,R
6921,V
6922,H
6923,1
6924,n
6925,8
6926,P
6927,N
6928,E
6929,S
6930,R
6931,N
6932,O
6933,A
6934,c
6935,L
6936,n
6937,N
6938,J
6939,A
6940,U
6941,b
6942,a
6943,r
6944,O
6945,C
6946,N
6947,t
6948,T
6949,1
6950,L
6951,y
6952,U
6953,D
6954,n
6955,I
6956,O
6957,K
6958,Z
6959,O
6960,N
6961,E
6962,G
6963,E
6964,d
6965,A
6966,Z
6967,N
6968,v
6969,Y
6970,I
6971,i
6972,9
6973,L
6974,T
6975,t
6976,e
6977,R
6978,0
6979,r
6980,l
6981,U
6982,M
6983,A
6984,a
6985,D
6986,U
6987,F
6988,A
6989,F
6990,R
6991,1
6992,a
6993,f
6994,S
6995,N
6996,I
6997,a
6998,I
6999,L
7000,A
7001,A
7002,I
7003,w
7004,d
7005,d
7006,P
7007,Q
7008,E
7009,l
7010,A
7011,T
7012,O
7013,t
7014,O
7015,J
7016,R
7017,c
7018,L
7019,i
7020,A
7021,M
7022,w
7023,O
7024,P
7025,w
7026,9
7027,d
7028,O
7029,A
7030,C
7031,R
7032,K
7033,e
7034,o
7035,z
7036,A
7037,E
7038,Y
7039,T
7040,4
7041,E
7042,C
7043,Y
7044,1
7045,E
7046,o
7047,0
7048,n
7049,I
7050,I
7051,O
7052,j
7053,e
7054,Y
7055,E
7056,2
7057,U
7058,R
7059,F
7060,O
7061,N
7062,T
7063,c
7064,N
7065,o
7066,S
7067,Z
7068,I
7069,G
7070,F
7071,a
7072,7
7073,S
7074,2
7075,N
7076,A
7077,O
7078,P
7079,C
7080,I
7081,A
7082,4
7083,s
7084,P
7085,S
7086,U
7087,h
7088,I
7089,D
7090,B
7091,R
7092,N
7093,R
7094,f
7095,e
7096,a
7097,O
7098,E
7099,E
7100,T
7101,H
7102,D
7103,L
7104,3
7105,G
7106,r
7107,L
7108,a
7109,a
7110,t
7111,A
7112,Y
7113,Z
7114,e
7115,F
7116,L
7117,L
7118,A
7119,s
7120,a
7121,R
7122,n
7123,S
7124,B
7125,S
7126,H
7127,e
7128,A
7129,e
7130,A
7131,O
7132,S
7133,W
7134,N
7135,O
7136,n
7137,b
7138,L
7139,t
7140,i
7141,T
7142,W
7143,O
7144,A
7145,L
7146,i
7147,p
7148,W
7149,O
7150,i
7151,I
7152,E
7153,A
7154,u
7155,A
7156,P
7157,a
7158,g
7159,a
7160,E
7161,P
7162,a
7163,J
7164,t
7165,A
7166,L
7167,X
7168,E
7169,M
7170,2
7171,O
7172,A
7173,C
7174,L
7175,o
7176,S
7177,y
7178,A
7179,y
7180,h
7181,A
7182,H
7183,M
7184,J
7185,Z
7186,A
7187,H
7188,T
7189,V
7190,H
7191,W
7192,A
7193,i
7194,9
7195,T
7196,D
7197,H
7198,K
7199,O
7200,N
7201,7
7202,D
7203,o
7204,9
7205,e
7206,o
7207,X
7208,N
7209,H
7210,T
7211,p
7212,O
7213,R
7214,A
7215,O
7216,r
7217,y
7218,H
7219,I
7220,E
7221,A
7222,A
7223,R
7224,W
7225,U
7226,S
7227,e
7228,A
7229,O
7230,E
7231,A
7232,4
7233,R
7234,D
7235,U
7236,O
7237,G
7238,O
7239,K
7240,R
7241,L
7242,f
7243,Z
7244,y
7245,N
7246,B
7247,O
7248,a
7249,D
7250,U
7251,0
7252,E
7253,5
7254,a
7255,A
7256,S
7257,a
7258,A
7259,a
7260,S
7261,E
7262,O
7263,N
7264,3
7265,g
7266,C
7267,S
7268,D
7269,a
7270,E
7271,5
7272,G
7273,R
7274,S
7275,B
7276,t
7277,Y
7278,W
7279,L
7280,J
7281,n
7282,A
7283,T
7284,l
7285,w
7286,S
7287,P
7288,T
7289,t
7290,A
7291,E
7292,S
7293,E
7294,I
7295,o
7296,g
7297,R
7298,k
7299,0
7300,O
7301,i
7302,E
7303,O
7304,I
7305,c
7306,6
7307,D
7308,O
7309,k
7310,Z
7311,E
7312,S
7313,A
7314,A
7315,h
7316,H
7317,S
7318,E
7319,e
7320,C
7321,m
7322,T
7323,G
7324,B
7325,I
7326,D
7327,9
7328,G
7329,Y
7330,H
7331,R
7332,P
7333,A
7334,A
7335,P
7336,0
7337,R
7338,H
7339,Z
7340,I
7341,W
7342,E
7343,E
7344,L
7345,l
7346,4
7347,o
7348,p
7349,E
7350,A
7351,e
7352,H
7353,D
7354,t
7355,O
7356,s
7357,W
7358,r
7359,g
7360,t
7361,L
7362,E
7363,4
7364,y
7365,C
7366,T
7367,I
7368,S
7369,E
7370,A
7371,i
7372,O
7373,7
7374,H
7375,E
7376,5
7377,N
7378,1
7379,4
7380,F
7381,R
7382,S
7383,S
7384,O
7385,N
7386,O
7387,a
7388,D
7389,i
7390,S
7391,U
7392,T
7393,M
7394,S
7395,I
7396,n
7397,L
7398,0
7399,O
7400,I
7401,E
7402,B
7403,N
7404,0
7405,R
7406,8
7407,E
7408,L
7409,O
7410,B
7411,N
7412,Z
7413,r
7414,3
7415,K
7416,I
7417,i
7418,A
7419,0
7420,E
7421,I
7422,C
7423,0
7424,7
7425,R
7426,H
7427,S
7428,n
7429,M
7430,I
7431,I
7432,t
7433,A
7434,e
7435,r
7436,R
7437,O
7438,0
7439,s
7440,S
7441,a
7442,A
7443,U
7444,E
7445,S
7446,P
7447,x
7448,D
7449,U
7450,B
7451,L
7452,O
7453,K
7454,s
7455,Y
7456,S
7457,C
7458,H
7459,e
7460,S
7461,H
7462,E
7463,X
7464,I
7465,7
7466,k
7467,U
7468,n
7469,T
7470,O
7471,c
7472,N
7473,I
7474,P
7475,A
7476,9
7477,R
7478,s
7479,1
7480,N
7481,C
7482,a
7483,B
7484,L
7485,A
7486,t
7487,L
7488,S
7489,E
7490,P
7491,Y
7492,k
7493,x
7494,i
7495,I
7496,P
7497,C
7498,e
7499,I
7500,e
7501,o
7502,P
7503,N
7504,U
7505,y
7506,O
7507,2
7508,O
7509,T
7510,X
7511,G
7512,R
7513,S
7514,D
7515,S
7516,X
7517,I
7518,E
7519,H
7520,E
7521,5
7522,E
7523,A
7524,I
7525,A
7526,F
7527,3
7528,F
7529,T
7530,m
7531,R
7532,O
7533,A
7534,C
7535,A
7536,3
7537,H
7538,t
7539,R
7540,l
7541,U
7542,R
7543,U
7544,A
7545,D
7546,x
7547,R
7548,A
7549,t
7550,A
7551,A
7552,z
7553,Q
7554,a
7555,o
7556,M
7557,N
7558,e
7559,S
7560,M
7561,c
7562,O
7563,I
7564,T
7565,R
7566,P
7567,9
7568,H
7569,D
7570,N
7571,k
7572,F
7573,E
7574,N
7575,e
7576,R
7577,D
7578,o
7579,a
7580,m
7581,H
7582,O
7583,F
7584,U
7585,n
7586,i
7587,A
7588,P
7589,w
7590,S
7591,P
7592,E
7593,T
7594,M
7595,O
7596,O
7597,R
7598,I
7599,E
7600,R
7601,s
7602,L
7603,v
7604,A
7605,N
7606,S
7607,m
7608,s
7609,e
7610,a
7611,v
7612,E
7613,D
7614,I
7615,H
7616,A
7617,F
7618,i
7619,G
7620,Y
7621,M
7622,1
7623,e
7624,A
7625,9
7626,M
7627,0
7628,C
7629,e
7630,n
7631,o
7632,t
7633,A
7634,k
7635,e
7636,X
7637,P
7638,U
7639,8
7640,G
7641,E
7642,I
7643,l
7644,d
7645,k
7646,t
7647,P
7648,A
7649,O
7650,J
7651,R
7652,I
7653,A
7654,B
7655,6
7656,u
7657,E
7658,A
7659,r
7660,d
7661,m
7662,R
7663,A
7664,v
7665,L
7666,e
7667,A
7668,O
7669,f
7670,K
7671,6
7672,G
7673,X
7674,V
7675,I
7676,P
7677,D
7678,O
7679,j
7680,T
7681,A
7682,a
7683,s
7684,e
7685,u
7686,S
7687,B
7688,E
7689,O
7690,U
7691,J
7692,M
7693,t
7694,n
7695,Y
7696,H
7697,M
7698,P
7699,A
7700,2
7701,Y
7702,N
7703,P
7704,F
7705,R
7706,E
7707,R
7708,N
7709,S
7710,O
7711,t
7712,P
7713,e
7714,A
7715,G
7716,z
7717,M
7718,h
7719,T
7720,T
7721,S
7722,S
7723,P
7724,a
7725,S
7726,t
7727,S
7728,N
7729,S
7730,D
7731,i
7732,N
7733,E
7734,n
7735,N
7736,u
7737,5
7738,R
7739,G
7740,o
7741,o
7742,A
7743,s
7744,t
7745,h
7746,R
7747,c
7748,A
7749,N
7750,T
7751,M
7752,C
7753,T
7754,E
7755,W
7756,R
7757,I
7758,q
7759,A
7760,9
7761,i
7762,S
7763,A
7764,W
7765,j
7766,m
7767,4
7768,5
7769,A
7770,N
7771,l
7772,R
7773,s
7774,R
7775,S
7776,A
7777,h
7778,E
7779,o
7780,I
7781,A
7782,r
7783,n
7784,I
7785,3
7786,C
7787,V
7788,S
7789,0
7790,e
7791,5
7792,A
7793,t
7794,N
7795,A
7796,E
7797,n
7798,e
7799,O
7800,9
7801,1
7802,I
7803,H
7804,A
7805,I
7806,M
7807,V
7808,o
7809,u
7810,K
7811,O
7812,3
7813,c
7814,r
7815,m
7816,I
7817,E
7818,i
7819,U
7820,J
7821,F
7822,e
7823,r
7824,t
7825,a
7826,A
7827,r
7828,B
7829,P
7830,R
7831,P
7832,T
7833,5
7834,D
7835,H
7836,A
7837,R
7838,g
7839,S
7840,Y
7841,C
7842,W
7843,I
7844,K
7845,E
7846,F
7847,I
7848,S
7849,W
7850,r
7851,R
7852,A
7853,M
7854,F
7855,I
7856,1
7857,u
7858,D
7859,E
7860,L
7861,5
7862,t
7863,s
7864,R
7865,7
7866,N
7867,G
7868,q
7869,E
7870,G
7871,E
7872,G
7873,L
7874,A
7875,h
7876,E
7877,B
7878,E
7879,N
7880,E
7881,i
7882,I
7883,C
7884,a
7885,G
7886,n
7887,a
7888,X
7889,J
7890,A
7891,q
7892,E
7893,A
7894,S
7895,N
7896,I
7897,R
7898,D
7899,E
7900,e
7901,e
7902,E
7903,S
7904,N
7905,T
7906,O
7907,V
7908,3
7909,o
7910,A
7911,K
7912,2
7913,D
7914,c
7915,C
7916,R
7917,K
7918,N
7919,l
7920,v
7921,J
7922,5
7923,H
7924,e
7925,s
7926,P
7927,Y
7928,D
7929,F
7930,1
7931,d
7932,N
7933,H
7934,T
7935,A
7936,B
7937,Y
7938,N
7939,I
7940,T
7941,r
7942,H
7943,D
7944,I
7945,E
7946,R
7947,E
7948,R
7949,c
7950,Z
7951,L
7952,A
7953,A
7954,I
7955,B
7956,I
7957,T
7958,1
7959,F
7960,i
7961,E
7962,H
7963,W
7964,C
7965,o
7966,I
7967,B
7968,S
7969,i
7970,S
7971,N
7972,a
7973,R
7974,i
7975,P
7976,A
7977,K
7978,G
7979,T
7980,E
7981,I
7982,E
7983,5
7984,5
7985,L
7986,c
7987,N
7988,e
7989,D
7990,T
7991,S
7992,U
7993,q
7994,C
7995,n
7996,O
7997,R
7998,O
7999,O
8000,N
8001,O
8002,s
8003,g
8004,e
8005,T
8006,T
8007,I
8008,m
8009,A
8010,O
8011,A
8012,G
8013,R
8014,I
8015,E
8016,L
8017,c
8018,t
8019,D
8020,T
8021,A
8022,1
8023,U
8024,H
8025,d
8026,O
8027,a
8028,Q
8029,A
8030,h
8031,N
8032,c
8033,e
8034,t
8035,S
8036,M
8037,E
8038,T
8039,o
8040,U
8041,0
8042,O
8043,o
8044,R
8045,w
8046,U
8047,D
8048,s
8049,n
8050,C
8051,A
8052,3
8053,E
8054,H
8055,S
8056,H
8057,I
8058,I
8059,N
8060,q
8061,9
8062,R
8063,S
8064,R
8065,5
8066,o
8067,O
8068,I
8069,N
8070,N
8071,V
8072,I
8073,i
8074,9
8075,G
8076,O
8077,T
8078,R
8079,M
8080,y
8081,E
8082,s
8083,E
8084,N
8085,d
8086,Q
8087,m
8088,T
8089,C
8090,R
8091,S
8092,T
8093,E
8094,T
8095,O
8096,r
8097,T
8098,a
8099,A
8100,S
8101,i
8102,I
8103,H
8104,I
8105,A
8106,H
8107,c
8108,L
8109,T
8110,A
8111,C
8112,i
8113,K
8114,e
8115,D
8116,L
8117,A
8118,N
8119,L
8120,A
8121,F
8122,G
8123,n
8124,I
8125,n
8126,0
8127,E
8128,I
8129,7
8130,L
8131,g
8132,T
8133,N
8134,X
8135,R
8136,C
8137,k
8138,E
8139,E
8140,O
8141,r
8142,D
8143,q
8144,T
8145,n
8146,W
8147,X
8148,o
8149,R
8150,c
8151,R
8152,1
8153,M
8154,j
8155,U
8156,T
8157,E
8158,Z
8159,O
8160,j
8161,H
8162,s
8163,M
8164,S
8165,2
8166,R
8167,b
8168,S
8169,G
8170,p
8171,E
8172,i
8173,Z
8174,S
8175,k
8176,T
8177,R
8178,W
8179,E
8180,I
8181,I
8182,O
8183,O
8184,E
8185,6
8186,P
8187,L
8188,A
8189,H
8190,e
8191,s
8192,I
8193,S
8194,B
8195,M
8196,e
8197,A
8198,S
8199,D
8200,A
8201,e
8202,I
8203,t
8204,i
8205,A
8206,N
8207,D
8208,e
8209,L
8210,E
8211,S
8212,M
8213,A
8214,T
8215,E
8216,N
8217,C
8218,s
8219,J
8220,k
8221,1
8222,R
8223,K
8224,f
8225,M
8226,N
8227,A
8228,S
8229,P
8230,s
8231,9
8232,T
8233,N
8234,e
8235,A
8236,i
8237,D
8238,I
8239,n
8240,a
8241,o
8242,t
8243,I
8244,6
8245,G
8246,I
8247,L
8248,V
8249,I
8250,A
8251,C
8252,M
8253,o
8254,O
8255,s
8256,Y
8257,F
8258,m
8259,M
8260,Q
8261,N
8262,O
8263,T
8264,9
8265,G
8266,S
8267,e
8268,a
8269,H
8270,L
8271,E
8272,N
8273,e
8274,o
8275,c
8276,R
8277,P
8278,A
8279,a
8280,L
8281,O
8282,R
8283,A
8284,A
8285,L
8286,S
8287,T
8288,k
8289,O
8290,E
8291,i
8292,p
8293,H
8294,0
8295,1
8296,t
8297,N
8298,3
8299,c
8300,H
8301,o
8302,1
8303,O
8304,N
8305,O
8306,v
8307,1
8308,N
8309,N
8310,C
8311,c
8312,C
8313,E
8314,7
8315,A
8316,6
8317,L
8318,o
8319,Q
8320,m
8321,i
8322,T
8323,F
8324,E
8325,N
8326,T
8327,B
8328,K
8329,L
8330,d
8331,A
8332,t
8333,N
8334,t
8335,0
8336,D
8337,A
8338,O
8339,C
8340,B
8341,I
8342,a
8343,A
8344,c
8345,N
8346,S
8347,a
8348,o
8349,e
8350,I
8351,R
8352,0
8353,i
8354,3
8355,I
8356,i
8357,9
8358,O
8359,I
8360,r
8361,I
8362,F
8363,p
8364,O
8365,D
8366,G
8367,Q
8368,R
8369,S
8370,E
8371,t
8372,i
8373,n
8374,N
8375,P
8376,L
8377,R
8378,R
8379,N
8380,N
8381,n
8382,F
8383,K
8384,S
8385,a
8386,5
8387,L
8388,B
8389,8
8390,R
8391,J
8392,W
8393,e
8394,N
8395,s
8396,P
8397,s
8398,R
8399,I
8400,A
8401,N
8402,K
8403,t
8404,S
8405,s
8406,N
8407,S
8408,A
8409,E
8410,N
8411,E
8412,6
8413,h
8414,T
8415,O
8416,I
8417,6
8418,L
8419,G
8420,E
8421,N
8422,M
8423,N
8424,N
8425,O
8426,A
8427,a
8428,E
8429,D
8430,O
8431,T
8432,A
8433,H
8434,I
8435,O
8436,A
8437,B
8438,O
8439,A
8440,O
8441,A
8442,H
8443,R
8444,S
8445,t
8446,z
8447,c
8448,I
8449,A
8450,D
8451,e
8452,D
8453,N
8454,l
8455,Z
8456,a
8457,H
8458,W
8459,Y
8460,E
8461,1
8462,2
8463,E
8464,L
8465,i
8466,V
8467,h
8468,L
8469,F
8470,C
8471,I
8472,c
8473,B
8474,R
8475,R
8476,T
8477,E
8478,T
8479,O
8480,C
8481,0
8482,P
8483,D
8484,c
8485,j
8486,e
8487,t
8488,8
8489,e
8490,A
8491,E
8492,O
8493,R
8494,E
8495,L
8496,s
8497,h
8498,z
8499,W
8500,D
8501,J
8502,d
8503,E
8504,m
8505,E
8506,T
8507,G
8508,M
8509,I
8510,z
8511,N
8512,h
8513,6
8514,E
8515,D
8516,l
8517,I
8518,g
8519,J
8520,N
8521,H
8522,Y
8523,R
8524,L
8525,K
8526,s
8527,p
8528,D
8529,j
8530,Z
8531,P
8532,e
8533,E
8534,F
8535,O
8536,H
8537,2
8538,A
8539,Z
8540,E
8541,n
8542,D
8543,I
8544,M
8545,F
8546,Y
8547,L
8548,m
8549,C
8550,G
8551,F
8552,O
8553,O
8554,s
8555,F
8556,s
8557,U
8558,H
8559,2
8560,I
8561,Y
8562,O
8563,S
8564,q
8565,u
8566,l
8567,r
8568,S
8569,I
8570,I
8571,B
8572,S
8573,X
8574,D
8575,3
8576,G
8577,E
8578,k
8579,n
8580,I
8581,K
8582,e
8583,U
8584,H
8585,I
8586,a
8587,6
8588,l
8589,D
8590,5
8591,U
8592,R
8593,I
8594,E
8595,r
8596,M
8597,Z
8598,s
8599,i
8600,N
8601,6
8602,e
8603,J
8604,T
8605,E
8606,A
8607,U
8608,E
8609,I
8610,0
8611,C
8612,H
8613,4
8614,6
8615,1
8616,h
8617,R
8618,H
8619,o
8620,o
8621,A
8622,e
8623,r
8624,6
8625,E
8626,h
8627,E
8628,M
8629,M
8630,8
8631,h
8632,O
8633,S
8634,N
8635,A
8636,I
8637,C
8638,T
8639,E
8640,v
8641,S
8642,a
8643,t
8644,M
8645,O
8646,o
8647,e
8648,0
8649,O
8650,L
8651,J
8652,K
8653,e
8654,B
8655,s
8656,N
8657,I
8658,B
8659,W
8660,Y
8661,O
8662,1
8663,I
8664,M
8665,l
8666,N
8667,E
8668,D
8669,n
8670,S
8671,N
8672,R
8673,I
8674,o
8675,X
8676,R
8677,S
8678,F
8679,9
8680,r
8681,I
8682,A
8683,E
8684,O
8685,c
8686,R
8687,4
8688,A
8689,S
8690,E
8691,S
8692,I
8693,o
8694,i
8695,N
8696,S
8697,O
8698,D
8699,9
8700,D
8701,E
8702,P
8703,7
8704,V
8705,7
8706,s
8707,Y
8708,S
8709,q
8710,V
8711,I
8712,F
8713,F
8714,E
8715,1
8716,S
8717,K
8718,N
8719,R
8720,W
8721,R
8722,a
8723,w
8724,i
8725,q
8726,R
8727,o
8728,M
8729,S
8730,H
8731,D
8732,R
8733,D
8734,R
8735,P
8736,k
8737,A
8738,A
8739,L
8740,N
8741,I
8742,i
8743,r
8744,y
8745,T
8746,P
8747,G
8748,S
8749,D
8750,E
8751,2
8752,P
8753,g
8754,a
8755,m
8756,T
8757,i
8758,R
8759,P
8760,R
8761,O
8762,A
8763,N
8764,O
8765,D
8766,U
8767,E
8768,L
8769,E
8770,e
8771,e
8772,H
8773,s
8774,e
8775,B
8776,a
8777,A
8778,R
8779,O
8780,U
8781,e
8782,O
8783,T
8784,O
8785,A
8786,L
8787,O
8788,C
8789,E
8790,T
8791,C
8792,U
8793,M
8794,Q
8795,d
8796,O
8797,U
8798,N
8799,S
8800,a
8801,Z
8802,U
8803,c
8804,a
8805,g
8806,S
8807,T
8808,n
8809,V
8810,E
8811,R
8812,O
8813,o
8814,U
8815,3
8816,n
8817,B
8818,S
8819,e
8820,L
8821,w
8822,A
8823,E
8824,T
8825,C
8826,C
8827,o
8828,e
8829,E
8830,R
8831,T
8832,O
8833,1
8834,G
8835,N
8836,L
8837,P
8838,i
8839,D
8840,e
8841,v
8842,J
8843,k
8844,N
8845,P
8846,B
8847,E
8848,I
8849,A
8850,S
8851,3
8852,D
8853,R
8854,O
8855,W
8856,A
8857,f
8858,E
8859,R
8860,o
8861,D
8862,U
8863,P
8864,C
8865,b
8866,N
8867,O
8868,L
8869,S
8870,G
8871,V
8872,A
8873,R
8874,L
8875,P
8876,F
8877,A
8878,a
8879,i
8880,T
8881,C
8882,G
8883,V
8884,A
8885,D
8886,y
8887,5
8888,P
8889,N
8890,y
8891,R
8892,O
8893,E
8894,n
8895,q
8896,a
8897,T
8898,R
8899,A
8900,e
8901,e
8902,C
8903,R
8904,O
8905,0
8906,w
8907,o
8908,o
8909,t
8910,z
8911,7
8912,2
8913,E
8914,B
8915,R
8916,E
8917,g
8918,Z
8919,y
8920,O
8921,C
8922,N
8923,T
8924,i
8925,S
8926,O
8927,P
8928,L
8929,z
8930,R
8931,M
8932,A
8933,L
8934,r
8935,P
8936,I
8937,e
8938,O
8939,N
8940,D
8941,B
8942,S
8943,a
8944,N
8945,I
8946,K
8947,l
8948,D
8949,H
8950,r
8951,Y
8952,C
8953,r
8954,e
8955,I
8956,8
8957,N
8958,r
8959,c
8960,P
8961,f
8962,M
8963,a
8964,T
8965,e
8966,T
8967,s
8968,r
8969,W
8970,e
8971,0
8972,d
8973,A
8974,1
8975,s
8976,e
8977,G
8978,Y
8979,K
8980,D
8981,3
8982,W
8983,U
8984,s
8985,O
8986,5
8987,P
8988,N
8989,b
8990,I
8991,A
8992,2
8993,i
8994,E
8995,n
8996,n
8997,O
8998,A
8999,A
9000,e
9001,N
9002,A
9003,D
9004,V
9005,A
9006,H
9007,O
9008,A
9009,n
9010,A
9011,O
9012,P
9013,o
9014,g
9015,t
9016,R
9017,l
9018,H
9019,P
9020,T
9021,T
9022,R
9023,A
9024,H
9025,X
9026,R
9027,O
9028,w
9029,x
9030,D
9031,A
9032,u
9033,7
9034,H
9035,e
9036,U
9037,R
9038,P
9039,N
9040,N
9041,M
9042,E
9043,L
9044,l
9045,J
9046,1
9047,N
9048,i
9049,S
9050,P
9051,2
9052,Z
9053,H
9054,M
9055,A
9056,n
9057,O
9058,2
9059,S
9060,s
9061,y
9062,e
9063,l
9064,m
9065,e
9066,A
9067,T
9068,C
9069,O
9070,E
9071,T
9072,K
9073,o
9074,j
9075,J
9076,a
9077,V
9078,C
9079,A
9080,K
9081,J
9082,O
9083,b
9084,a
9085,S
9086,N
9087,T
9088,Z
9089,E
9090,D
9091,J
9092,T
9093,E
9094,E
9095,E
9096,O
9097,A
9098,4
9099,B
9100,t
9101,E
9102,Y
9103,q
9104,a
9105,K
9106,K
9107,S
9108,P
9109,o
9110,N
9111,l
9112,M
9113,h
9114,C
9115,S
9116,N
9117,E
9118,V
9119,A
9120,S
9121,R
9122,n
9123,g
9124,R
9125,G
9126,2
9127,R
9128,a
9129,T
9130,D
9131,a
9132,7
9133,A
9134,c
9135,m
9136,I
9137,q
9138,E
9139,D
9140,E
9141,a
9142,E
9143,b
9144,E
9145,O
9146,o
9147,T
9148,A
9149,I
9150,T
9151,d
9152,n
9153,C
9154,O
9155,A
9156,T
9157,U
9158,f
9159,e
9160,7
9161,R
9162,S
9163,4
9164,A
9165,p
9166,E
9167,e
9168,z
9169,a
9170,t
9171,U
9172,T
9173,M
9174,d
9175,e
9176,A
9177,l
9178,I
9179,D
9180,c
9181,Y
9182,M
9183,n
9184,m
9185,a
9186,X
9187,c
9188,N
9189,2
9190,1
9191,I
9192,N
9193,i
9194,H
9195,M
9196,e
9197,E
9198,N
9199,R
9200,O
9201,B
9202,G
9203,N
9204,P
9205,s
9206,I
9207,O
9208,X
9209,C
9210,4
9211,N
9212,V
9213,e
9214,P
9215,S
9216,u
9217,D
9218,Z
9219,I
9220,U
9221,P
9222,E
9223,h
9224,E
9225,L
9226,r
9227,C
9228,7
9229,S
9230,5
9231,r
9232,t
9233,N
9234,E
9235,R
9236,x
9237,A
9238,L
9239,K
9240,R
9241,K
9242,A
9243,A
9244,A
9245,S
9246,4
9247,t
9248,R
9249,a
9250,a
9251,R
9252,f
9253,F
9254,M
9255,O
9256,E
9257,q
9258,A
9259,H
9260,L
9261,M
9262,v
9263,G
9264,T
9265,A
9266,O
9267,i
9268,O
9269,T
9270,A
9271,U
9272,e
9273,r
9274,N
9275,H
9276,3
9277,B
9278,F
9279,b
9280,C
9281,I
9282,E
9283,u
9284,T
9285,e
9286,4
9287,A
9288,e
9289,o
9290,p
9291,5
9292,N
9293,A
9294,V
9295,E
9296,h
9297,C
9298,E
9299,7
9300,T
9301,A
9302,R
9303,s
9304,A
9305,n
9306,A
9307,u
9308,3
9309,f
9310,I
9311,1
9312,P
9313,E
9314,3
9315,Z
9316,A
9317,E
9318,A
9319,E
9320,B
9321,R
9322,N
9323,Z
9324,S
9325,S
9326,H
9327,5
9328,O
9329,U
9330,B
9331,e
9332,L
9333,N
9334,M
9335,X
9336,I
9337,h
9338,I
9339,f
9340,N
9341,O
9342,R
9343,H
9344,6
9345,m
9346,A
9347,Q
9348,Z
9349,h
9350,T
9351,S
9352,O
9353,E
9354,4
9355,X
9356,a
9357,U
9358,I
9359,q
9360,R
9361,A
9362,O
9363,I
9364,a
9365,R
9366,a
9367,A
9368,I
9369,a
9370,0
9371,H
9372,O
9373,L
9374,9
9375,V
9376,C
9377,G
9378,S
9379,N
9380,S
9381,P
9382,S
9383,o
9384,s
9385,O
9386,2
9387,3
9388,F
9389,N
9390,m
9391,E
9392,W
9393,e
9394,e
9395,L
9396,2
9397,z
9398,E
9399,2
9400,N
9401,P
9402,e
9403,S
9404,e
9405,O
9406,D
9407,O
9408,S
9409,c
9410,e
9411,A
9412,F
9413,Z
9414,A
9415,E
9416,A
9417,B
9418,o
9419,U
9420,s
9421,2
9422,C
9423,h
9424,J
9425,N
9426,G
9427,I
9428,5
9429,E
9430,T
9431,r
9432,G
9433,D
9434,R
9435,E
9436,I
9437,e
9438,n
9439,b
9440,E
9441,s
9442,N
9443,R
9444,L
9445,I
9446,Z
9447,s
9448,R
9449,6
9450,6
9451,c
9452,O
9453,R
9454,J
9455,N
9456,U
9457,B
9458,O
9459,p
9460,R
9461,i
9462,B
9463,i
9464,G
9465,1
9466,A
9467,F
9468,E
9469,B
9470,t
9471,q
9472,p
9473,H
9474,l
9475,A
9476,o
9477,P
9478,A
9479,a
9480,P
9481,5
9482,I
9483,G
9484,t
9485,A
9486,H
9487,N
9488,S
9489,A
9490,X
9491,n
9492,E
9493,N
9494,Y
9495,s
9496,S
9497,E
9498,g
9499,R
9500,e
9501,N
9502,c
9503,r
9504,C
9505,A
9506,7
9507,e
9508,H
9509,X
9510,9
9511,M
9512,a
9513,T
9514,A
9515,3
9516,N
9517,G
9518,1
9519,E
9520,n
9521,D
9522,i
9523,y
9524,A
9525,E
9526,J
9527,H
9528,R
9529,I
9530,e
9531,L
9532,d
9533,I
9534,T
9535,R
9536,H
9537,I
9538,T
9539,I
9540,t
9541,R
9542,r
9543,O
9544,O
9545,C
9546,E
9547,D
9548,u
9549,a
9550,C
9551,B
9552,a
9553,Y
9554,R
9555,S
9556,E
9557,O
9558,s
9559,e
9560,3
9561,O
9562,H
9563,R
9564,e
9565,N
9566,A
9567,T
9568,R
9569,A
9570,y
9571,e
9572,C
9573,Y
9574,N
9575,i
9576,Y
9577,I
9578,S
9579,N
9580,T
9581,E
9582,J
9583,A
9584,R
9585,A
9586,L
9587,U
9588,n
9589,O
9590,t
9591,H
9592,N
9593,A
9594,O
9595,c
9596,5
9597,e
9598,T
9599,N
9600,E
9601,r
9602,E
9603,e
9604,5
9605,2
9606,1
9607,A
9608,c
9609,e
9610,h
9611,T
9612,Q
9613,4
9614,l
9615,A
9616,D
9617,u
9618,B
9619,S
9620,0
9621,A
9622,O
9623,D
9624,A
9625,I
9626,E
9627,I
9628,c
9629,A
9630,N
9631,A
9632,O
9633,e
9634,r
9635,A
9636,R
9637,I
9638,A
9639,I
9640,S
9641,r
9642,I
9643,a
9644,o
9645,O
9646,D
9647,E
9648,R
9649,n
9650,1
9651,T
9652,e
9653,i
9654,p
9655,E
9656,A
9657,N
9658,T
9659,B
9660,C
9661,T
9662,S
9663,e
9664,A
9665,T
9666,i
9667,0
9668,x
9669,A
9670,M
9671,a
9672,q
9673,A
9674,4
9675,t
9676,E
9677,X
9678,d
9679,R
9680,y
9681,8
9682,R
9683,P
9684,D
9685,e
9686,F
9687,S
9688,a
9689,0
9690,Y
9691,4
9692,e
9693,G
9694,l
9695,O
9696,M
9697,9
9698,N
9699,1
9700,I
9701,C
9702,A
9703,r
9704,J
9705,I
9706,F
9707,T
9708,t
9709,R
9710,C
9711,z
9712,O
9713,I
9714,E
9715,E
9716,e
9717,f
9718,P
9719,Y
9720,t
9721,S
9722,U
9723,w
9724,G
9725,T
9726,T
9727,v
9728,A
9729,e
9730,e
9731,m
9732,g
9733,E
9734,a
9735,H
9736,A
9737,a
9738,E
9739,F
9740,h
9741,k
9742,R
9743,n
9744,f
9745,N
9746,R
9747,z
9748,S
9749,1
9750,A
9751,d
9752,O
9753,g
9754,N
9755,X
9756,S
9757,I
9758,n
9759,g
9760,9
9761,l
9762,a
9763,k
9764,R
9765,T
9766,R
9767,4
9768,H
9769,I
9770,1
9771,r
9772,s
9773,t
9774,e
9775,c
9776,E
9777,E
9778,7
9779,t
9780,T
9781,D
9782,A
9783,O
9784,2
9785,N
9786,O
9787,a
9788,1
9789,1
9790,b
9791,N
9792,D
9793,t
9794,h
9795,N
9796,l
9797,r
9798,V
9799,i
9800,Z
9801,O
9802,E
9803,8
9804,I
9805,H
9806,A
9807,4
9808,C
9809,A
9810,R
9811,T
9812,e
9813,L
9814,I
9815,S
9816,r
9817,A
9818,i
9819,8
9820,M
9821,j
9822,N
9823,w
9824,O
9825,X
9826,S
9827,A
9828,s
9829,P
9830,g
9831,4
9832,I
9833,a
9834,U
9835,I
9836,O
9837,1
9838,b
9839,a
9840,A
9841,i
9842,R
9843,T
9844,Z
9845,S
9846,A
9847,O
9848,R
9849,A
9850,2
9851,O
9852,H
9853,M
9854,B
9855,H
9856,D
9857,v
9858,A
9859,J
9860,t
9861,S
9862,E
9863,N
9864,d
9865,e
9866,R
9867,c
9868,S
9869,a
9870,I
9871,E
9872,J
9873,T
9874,V
9875,1
9876,Y
9877,G
9878,T
9879,2
9880,E
9881,R
9882,A
9883,G
9884,S
9885,2
9886,7
9887,D
9888,O
9889,E
9890,Z
9891,A
9892,G
9893,O
9894,H
9895,O
9896,i
9897,l
9898,O
9899,O
9900,A
9901,N
9902,e
9903,N
9904,e
9905,a
9906,T
9907,i
9908,S
9909,W
9910,A
9911,3
9912,X
9913,A
9914,E
9915,R
9916,H
9917,o
9918,D
9919,r
9920,I
9921,K
9922,H
9923,O
9924,n
9925,N
9926,E
9927,X
9928,R
9929,E
9930,E
9931,I
9932,S
9933,O
9934,C
9935,A
9936,A
9937,p
9938,C
9939,O
9940,I
9941,F
9942,I
9943,F
9944,N
9945,N
9946,r
9947,L
9948,p
9949,r
9950,V
9951,a
9952,K
9953,0
9954,d
9955,2
9956,t
9957,I
9958,T
9959,e
9960,r
9961,r
9962,A
9963,S
9964,B
9965,2
9966,A
9967,I
9968,I
9969,R
9970,u
9971,A
9972,N
9973,S
9974,c
9975,k
9976,N
9977,l
9978,T
9979,w
9980,T
9981,I
9982,5
9983,R
9984,6
9985,E
9986,A
9987,L
9988,R
9989,A
9990,I
9991,S
9992,T
9993,X
9994,M
9995,n
9996,D
9997,S
9998,T
9999,n
10000,T
10001,F
10002,T
10003,T
10004,D
10005,y
10006,R
10007,S
10008,r
10009,f
10010,n
10011,I
10012,e
10013,P
10014,K
10015,6
10016,T
10017,2
10018,T
10019,N
10020,K
10021,R
10022,S
10023,d
10024,X
10025,O
10026,O
10027,O
10028,c
10029,n
10030,C
10031,o
10032,E
10033,n
10034,A
10035,N
10036,a
10037,C
10038,C
10039,H
10040,T
10041,U
10042,E
10043,A
10044,c
10045,O
10046,R
10047,t
10048,N
10049,O
10050,G
10051,c
10052,N
10053,E
10054,i
10055,E
10056,D
10057,l
10058,T
10059,e
10060,L
10061,P
10062,2
10063,N
10064,N
10065,E
10066,t
10067,P
10068,d
10069,N
10070,X
10071,o
10072,O
10073,O
10074,s
10075,L
10076,i
10077,d
10078,p
10079,A
10080,n
10081,N
10082,Z
10083,c
10084,O
10085,C
10086,N
10087,Z
10088,N
10089,S
10090,T
10091,S
10092,E
10093,o
10094,R
10095,t
10096,t
10097,R
10098,A
10099,A
10100,D
10101,E
10102,o
10103,G
10104,R
10105,U
10106,B
10107,O
10108,A
10109,Y
10110,N
10111,a
10112,W
10113,N
10114,E
10115,3
10116,N
10117,0
10118,D
10119,6
10120,T
10121,s
10122,O
10123,G
10124,C
10125,N
10126,O
10127,S
10128,P
10129,0
10130,R
10131,L
10132,8
10133,e
10134,9
10135,A
10136,F
10137,M
10138,O
10139,A
10140,A
10141,L
10142,R
10143,9
10144,i
10145,I
10146,0
10147,E
10148,L
10149,r
10150,G
10151,z
10152,A
10153,S
10154,t
10155,T
10156,A
10157,N
10158,I
10159,I
10160,J
10161,Q
10162,H
10163,O
10164,O
10165,N
10166,I
10167,n
10168,6
10169,F
10170,S
10171,K
10172,7
10173,R
10174,k
10175,t
10176,i
10177,1
10178,P
10179,7
10180,r
10181,O
10182,M
10183,a
10184,S
10185,I
10186,e
10187,D
10188,u
10189,T
10190,a
10191,H
10192,w
10193,e
10194,T
10195,A
10196,W
10197,T
10198,S
10199,r
10200,2
10201,S
10202,H
10203,N
10204,F
10205,t
10206,A
10207,L
10208,Y
10209,T
10210,R
10211,L
10212,r
10213,C
10214,M
10215,5
10216,H
10217,L
10218,B
10219,M
10220,R
10221,O
10222,O
10223,S
10224,A
10225,D
10226,P
10227,v
10228,R
10229,E
10230,C
10231,r
10232,I
10233,X
10234,h
10235,S
10236,X
10237,T
10238,X
10239,4
10240,I
10241,E
10242,U
10243,V
10244,n
10245,5
10246,P
10247,I
10248,e
10249,w
10250,E
10251,Z
10252,C
10253,M
10254,6
10255,L
10256,R
10257,k
10258,F
10259,r
10260,A
10261,A
10262,B
10263,s
10264,E
10265,0
10266,O
10267,S
10268,i
10269,O
10270,M
10271,N
10272,A
10273,P
10274,N
10275,r
10276,A
10277,R
10278,L
10279,A
10280,4
10281,O
10282,I
10283,A
10284,M
10285,O
10286,N
10287,B
10288,Q
10289,o
10290,O
10291,B
10292,a
10293,c
10294,R
10295,I
10296,V
10297,O
10298,h
10299,y
10300,N
10301,L
10302,3
10303,T
10304,D
10305,5
10306,1
10307,V
10308,1
10309,c
10310,N
10311,N
10312,K
10313,O
10314,G
10315,2
10316,t
10317,y
10318,E
10319,C
10320,r
10321,Q
10322,r
10323,r
10324,G
10325,E
10326,L
10327,I
10328,N
10329,n
10330,G
10331,V
10332,H
10333,I
10334,9
10335,7
10336,5
10337,R
10338,6
10339,i
10340,G
10341,T
10342,O
10343,2
10344,3
10345,e
10346,o
10347,R
10348,O
10349,s
10350,n
10351,a
10352,A
10353,Q
10354,i
10355,b
10356,A
10357,S
10358,H
10359,C
10360,B
10361,P
10362,I
10363,t
10364,S
10365,H
10366,T
10367,k
10368,5
10369,T
10370,i
10371,A
10372,T
10373,O
10374,R
10375,E
10376,1
10377,U
10378,U
10379,2
10380,T
10381,e
10382,S
10383,T
10384,P
10385,j
10386,1
10387,S
10388,S
10389,S
10390,s
10391,S
10392,a
10393,S
10394,A
10395,N
10396,E
10397,l
10398,o
10399,z
10400,l
10401,D
10402,J
10403,Q
10404,e
10405,p
10406,N
10407,E
10408,T
10409,H
10410,O
10411,B
10412,S
10413,T
10414,L
10415,i
10416,N
10417,I
10418,5
10419,D
10420,T
10421,I
10422,R
10423,D
10424,H
10425,C
10426,F
10427,E
10428,A
10429,g
10430,M
10431,C
10432,A
10433,N
10434,a
10435,V
10436,T
10437,A
10438,D
10439,I
10440,C
10441,P
10442,l
10443,h
10444,L
10445,A
10446,I
10447,D
10448,E
10449,1
10450,E
10451,o
10452,R
10453,A
10454,A
10455,C
10456,E
10457,R
10458,B
10459,O
10460,R
10461,H
10462,1
10463,t
10464,Z
10465,y
10466,B
10467,O
10468,T
10469,u
10470,O
10471,A
10472,C
10473,a
10474,e
10475,O
10476,e
10477,Z
10478,V
10479,I
10480,c
10481,I
10482,d
10483,A
10484,c
10485,T
10486,J
10487,H
10488,e
10489,E
10490,n
10491,A
10492,S
10493,O
10494,U
10495,T
10496,e
10497,B
10498,9
10499,T
10500,M
10501,U
10502,c
10503,U
10504,M
10505,S
10506,U
10507,k
10508,K
10509,e
10510,R
10511,Q
10512,J
10513,P
10514,w
10515,v
10516,O
10517,l
10518,n
10519,N
10520,N
10521,M
10522,5
10523,d
10524,R
10525,l
10526,H
10527,o
10528,T
10529,H
10530,9
10531,O
10532,f
10533,F
10534,9
10535,O
10536,T
10537,B
10538,I
10539,q
10540,D
10541,E
10542,s
10543,I
10544,A
10545,w
10546,D
10547,5
10548,I
10549,A
10550,N
10551,L
10552,r
10553,b
10554,N
10555,l
10556,A
10557,x
10558,T
10559,L
10560,R
10561,I
10562,D
10563,v
10564,b
10565,E
10566,e
10567,v
10568,R
10569,M
10570,e
10571,n
10572,g
10573,r
10574,W
10575,z
10576,t
10577,e
10578,F
10579,p
10580,w
10581,c
10582,S
10583,A
10584,P
10585,u
10586,A
10587,O
10588,T
10589,n
10590,S
10591,R
10592,T
10593,N
10594,O
10595,A
10596,E
10597,P
10598,T
10599,c
10600,y
10601,S
10602,A
10603,V
10604,9
10605,t
10606,T
10607,G
10608,L
10609,D
10610,I
10611,E
10612,O
10613,d
10614,T
10615,a
10616,L
10617,u
10618,O
10619,O
10620,J
10621,r
10622,L
10623,3
10624,S
10625,1
10626,S
10627,Z
10628,a
10629,N
10630,x
10631,O
10632,A
10633,r
10634,C
10635,r
10636,E
10637,e
10638,J
10639,s
10640,h
10641,D
10642,H
10643,I
10644,S
10645,3
10646,e
10647,S
10648,T
10649,O
10650,L
10651,t
10652,n
10653,i
10654,O
10655,E
10656,A
10657,9
10658,H
10659,r
10660,R
10661,i
10662,H
10663,2
10664,S
10665,W
10666,O
10667,H
10668,L
10669,k
10670,I
10671,L
10672,I
10673,M
10674,K
10675,S
10676,p
10677,U
10678,I
10679,j
10680,R
10681,m
10682,R
10683,0
10684,1
10685,u
10686,8
10687,a
10688,A
10689,P
10690,O
10691,0
10692,T
10693,L
10694,A
10695,1
10696,M
10697,E
10698,e
10699,P
10700,y
10701,I
10702,A
10703,J
10704,N
10705,Y
10706,I
10707,Y
10708,m
10709,J
10710,e
10711,A
10712,E
10713,t
10714,I
10715,R
10716,0
10717,A
10718,K
10719,m
10720,I
10721,O
10722,B
10723,T
10724,I
10725,T
10726,N
10727,I
10728,A
10729,L
10730,c
10731,I
10732,I
10733,L
10734,N
10735,C
10736,a
10737,o
10738,D
10739,O
10740,G
10741,r
10742,T
10743,0
10744,O
10745,T
10746,m
10747,T
10748,E
10749,C
10750,G
10751,A
10752,H
10753,r
10754,I
10755,R
10756,R
10757,A
10758,R
10759,9
10760,I
10761,S
10762,4
10763,p
10764,W
10765,C
10766,G
10767,X
10768,R
10769,I
10770,A
10771,A
10772,I
10773,S
10774,g
10775,s
10776,T
10777,I
10778,H
10779,N
10780,E
10781,N
10782,t
10783,R
10784,e
10785,A
10786,R
10787,R
10788,s
10789,r
10790,N
10791,F
10792,m
10793,E
10794,x
10795,l
10796,M
10797,R
10798,M
10799,L
10800,k
10801,D
10802,T
10803,z
10804,f
10805,k
10806,O
10807,3
10808,U
10809,T
10810,M
10811,y
10812,6
10813,E
10814,L
10815,A
10816,E
10817,G
10818,O
10819,I
10820,r
10821,B
10822,R
10823,S
10824,O
10825,A
10826,q
10827,L
10828,E
10829,k
10830,T
10831,O
10832,O
10833,S
10834,D
10835,G
10836,r
10837,A
10838,2
10839,C
10840,k
10841,H
10842,V
10843,T
10844,a
10845,A
10846,Y
10847,M
10848,I
10849,a
10850,c
10851,P
10852,e
10853,A
10854,m
10855,s
10856,U
10857,O
10858,O
10859,N
10860,P
10861,A
10862,H
10863,Y
10864,O
10865,A
10866,E
10867,E
10868,7
10869,A
10870,l
10871,T
10872,D
10873,G
10874,a
10875,E
10876,S
10877,T
10878,b
10879,n
10880,A
10881,N
10882,N
10883,K
10884,E
10885,5
10886,r
10887,R
10888,P
10889,R
10890,R
10891,T
10892,I
10893,S
10894,N
10895,R
10896,E
10897,C
10898,A
10899,C
10900,1
10901,I
10902,o
10903,i
10904,D
10905,O
10906,a
10907,S
10908,E
10909,r
10910,N
10911,A
10912,l
10913,O
10914,w
10915,T
10916,z
10917,M
10918,i
10919,r
10920,P
10921,K
10922,E
10923,A
10924,I
10925,E
10926,N
10927,L
10928,D
10929,I
10930,A
10931,o
10932,i
10933,B
10934,L
10935,H
10936,A
10937,p
10938,f
10939,T
10940,S
10941,0
10942,m
10943,N
10944,E
10945,O
10946,T
10947,r
10948,T
10949,h
10950,c
10951,U
10952,q
10953,T
10954,a
10955,T
10956,6
10957,A
10958,6
10959,d
10960,o
10961,A
10962,A
10963,S
10964,H
10965,T
10966,S
10967,O
10968,A
10969,N
10970,2
10971,S
10972,e
10973,G
10974,F
10975,N
10976,n
10977,P
10978,O
10979,R
10980,A
10981,1
10982,S
10983,C
10984,z
10985,e
10986,a
10987,H
10988,M
10989,2
10990,e
10991,T
10992,c
10993,E
10994,6
10995,D
10996,d
10997,S
10998,O
10999,5
11000,A
11001,A
11002,g
11003,o
11004,O
11005,9
11006,D
11007,O
11008,l
11009,O
11010,N
11011,t
11012,R
11013,A
11014,R
11015,N
11016,S
11017,N
11018,D
11019,d
11020,s
11021,E
11022,r
11023,I
11024,a
11025,r
11026,S
11027,M
11028,q
11029,O
11030,L
11031,s
11032,T
11033,S
11034,C
11035,e
11036,1
11037,o
11038,i
11039,i
11040,V
11041,a
11042,J
11043,F
11044,g
11045,m
11046,O
11047,E
11048,A
11049,N
11050,O
11051,C
11052,f
11053,D
11054,P
11055,t
11056,G
11057,V
11058,s
11059,a
11060,A
11061,r
11062,d
11063,H
11064,V
11065,J
11066,O
11067,0
11068,D
11069,3
11070,k
11071,c
11072,K
11073,O
11074,E
11075,N
11076,A
11077,G
11078,4
11079,O
11080,h
11081,L
11082,L
11083,N
11084,l
11085,n
11086,T
11087,z
11088,2
11089,o
11090,K
11091,Y
11092,F
11093,N
11094,K
11095,F
11096,f
11097,0
11098,0
11099,A
11100,y
11101,n
11102,A
11103,C
11104,c
11105,N
11106,e
11107,L
11108,T
11109,e
11110,F
11111,a
11112,E
11113,W
11114,T
11115,W
11116,n
11117,G
11118,S
11119,D
11120,3
11121,R
11122,i
11123,A
11124,E
11125,I
11126,R
11127,u
11128,o
11129,O
11130,g
11131,e
11132,V
11133,T
11134,L
11135,N
11136,P
11137,c
11138,I
11139,A
11140,E
11141,O
11142,l
11143,G
11144,1
11145,H
11146,W
11147,F
11148,H
11149,g
11150,c
11151,N
11152,I
11153,E
11154,V
11155,A
11156,M
11157,E
11158,A
11159,H
11160,G
11161,R
11162,F
11163,S
11164,O
11165,O
11166,A
11167,E
11168,o
11169,A
11170,G
11171,V
11172,E
11173,s
11174,a
11175,e
11176,m
11177,E
11178,A
11179,o
11180,Y
11181,v
11182,R
11183,9
11184,V
11185,r
11186,O
11187,o
11188,Z
11189,A
11190,L
11191,C
11192,R
11193,O
11194,s
11195,I
11196,B
11197,A
11198,e
11199,V
11200,G
11201,O
11202,S
11203,r
11204,N
11205,J
11206,G
11207,7
11208,N
11209,A
11210,O
11211,N
11212,A
11213,s
11214,1
11215,a
11216,E
11217,N
11218,E
11219,R
11220,J
11221,0
11222,m
11223,E
11224,Q
11225,O
11226,S
11227,r
11228,o
11229,D
11230,R
11231,z
11232,R
11233,X
11234,a
11235,F
11236,R
11237,O
11238,0
11239,8
11240,I
11241,l
11242,D
11243,a
11244,I
11245,o
11246,O
11247,M
11248,O
11249,n
11250,R
11251,0
11252,S
11253,K
11254,j
11255,O
11256,p
11257,D
11258,I
11259,E
11260,o
11261,N
11262,A
11263,f
11264,z
11265,W
11266,e
11267,2
11268,o
11269,a
11270,A
11271,C
11272,C
11273,L
11274,m
11275,Y
11276,G
11277,D
11278,R
11279,h
11280,c
11281,H
11282,k
11283,O
11284,3
11285,E
11286,T
11287,y
11288,M
11289,r
11290,1
11291,R
11292,S
11293,o
11294,m
11295,B
11296,r
11297,C
11298,6
11299,2
11300,o
11301,D
11302,N
11303,k
11304,Q
11305,I
11306,O
11307,A
11308,r
11309,E
11310,D
11311,P
11312,B
11313,t
11314,6
11315,O
11316,t
11317,C
11318,C
11319,M
11320,E
11321,H
11322,R
11323,I
11324,E
11325,M
11326,S
11327,I
11328,H
11329,O
11330,T
11331,5
11332,A
11333,7
11334,Y
11335,O
11336,M
11337,A
11338,i
11339,g
11340,h
11341,v
11342,e
11343,I
11344,A
11345,A
11346,i
11347,O
11348,E
11349,D
11350,3
11351,e
11352,Y
11353,C
11354,A
11355,V
11356,C
11357,E
11358,C
11359,O
11360,N
11361,T
11362,q
11363,A
11364,z
11365,I
11366,R
11367,A
11368,S
11369,R
11370,E
11371,d
11372,L
11373,I
11374,h
11375,9
11376,m
11377,Y
11378,A
11379,E
11380,c
11381,W
11382,s
11383,e
11384,R
11385,G
11386,I
11387,e
11388,L
11389,B
11390,Z
11391,L
11392,D
11393,p
11394,A
11395,I
11396,u
11397,U
11398,R
11399,O
11400,N
11401,7
11402,L
11403,L
11404,I
11405,U
11406,l
11407,U
11408,N
11409,H
11410,0
11411,E
11412,I
11413,U
11414,c
11415,R
11416,s
11417,r
11418,e
11419,J
11420,D
11421,O
11422,S
11423,A
11424,e
11425,I
11426,E
11427,N
11428,N
11429,7
11430,N
11431,R
11432,U
11433,h
11434,O
11435,S
11436,E
11437,a
11438,A
11439,p
11440,o
11441,R
11442,A
11443,A
11444,X
11445,n
11446,W
11447,B
11448,N
11449,r
11450,E
11451,J
11452,N
11453,E
11454,s
11455,P
11456,Y
11457,J
11458,E
11459,e
11460,R
11461,s
11462,t
11463,R
11464,l
11465,4
11466,R
11467,q
11468,A
11469,J
11470,7
11471,s
11472,S
11473,j
11474,P
11475,a
11476,S
11477,M
11478,B
11479,e
11480,G
11481,O
11482,I
11483,K
11484,s
11485,F
11486,i
11487,N
11488,R
11489,N
11490,a
11491,J
11492,6
11493,O
11494,E
11495,A
11496,O
11497,f
11498,9
11499,2
11500,O
11501,s
11502,E
11503,S
11504,A
11505,e
11506,5
11507,O
11508,i
11509,O
11510,9
11511,r
11512,i
11513,o
11514,E
11515,D
11516,d
11517,C
11518,H
11519,c
11520,I
11521,R
11522,M
11523,L
11524,O
11525,J
11526,l
11527,Z
11528,O
11529,n
11530,6
11531,A
11532,I
11533,e
11534,A
11535,c
11536,T
11537,d
11538,n
11539,3
11540,V
11541,r
11542,K
11543,R
11544,p
11545,C
11546,g
11547,W
11548,E
11549,O
11550,O
11551,K
11552,t
11553,1
11554,t
11555,I
11556,A
11557,C
11558,R
11559,n
11560,W
11561,3
11562,I
11563,i
11564,n
11565,E
11566,d
11567,A
11568,S
11569,z
11570,N
11571,m
11572,U
11573,r
11574,T
11575,A
11576,0
11577,N
11578,L
11579,s
11580,O
11581,L
11582,n
11583,n
11584,I
11585,L
11586,x
11587,R
11588,O
11589,L
11590,2
11591,E
11592,o
11593,T
11594,O
11595,I
11596,x
11597,M
11598,1
11599,N
11600,Y
11601,R
11602,A
11603,d
11604,w
11605,A
11606,O
11607,O
11608,n
11609,S
11610,r
11611,K
11612,E
11613,R
11614,4
11615,r
11616,n
11617,V
11618,A
11619,M
11620,A
11621,G
11622,r
11623,E
11624,R
11625,T
11626,I
11627,d
11628,Q
11629,K
11630,T
11631,T
11632,0
11633,S
11634,A
11635,P
11636,e
11637,I
11638,M
11639,S
11640,C
11641,I
11642,r
11643,H
11644,F
11645,T
11646,H
11647,r
11648,d
11649,A
11650,I
11651,T
11652,L
11653,R
11654,O
11655,P
11656,5
11657,G
11658,I
11659,R
11660,o
11661,I
11662,L
11663,E
11664,A
11665,O
11666,S
11667,E
11668,W
11669,2
11670,I
11671,G
11672,V
11673,S
11674,v
11675,L
11676,E
11677,N
11678,A
11679,U
11680,S
11681,T
11682,w
11683,S
11684,e
11685,T
11686,T
11687,V
11688,b
11689,o
11690,c
11691,A
11692,N
11693,A
11694,R
11695,G
11696,o
11697,g
11698,t
11699,M
11700,I
11701,L
11702,X
11703,T
11704,F
11705,A
11706,B
11707,L
11708,y
11709,A
11710,e
11711,C
11712,I
11713,U
11714,g
11715,p
11716,M
11717,I
11718,S
11719,T
11720,p
11721,R
11722,n
11723,A
11724,S
11725,O
11726,M
11727,E
11728,M
11729,r
11730,5
11731,M
11732,3
11733,s
11734,u
11735,a
11736,W
11737,2
11738,1
11739,O
11740,e
11741,E
11742,e
11743,R
11744,A
11745,K
11746,Y
11747,e
11748,A
11749,A
11750,H
11751,D
11752,R
11753,K
11754,E
11755,S
11756,A
11757,r
11758,f
11759,I
11760,3
11761,N
11762,N
11763,M
11764,J
11765,e
11766,t
11767,j
11768,l
11769,O
11770,H
11771,N
11772,D
11773,N
11774,O
11775,k
11776,B
11777,N
11778,G
11779,S
11780,R
11781,S
11782,5
11783,K
11784,X
11785,I
11786,I
11787,R
11788,G
11789,A
11790,a
11791,z
11792,L
11793,V
11794,s
11795,i
11796,t
11797,i
11798,L
11799,V
11800,E
11801,N
11802,B
11803,y
11804,n
11805,I
11806,r
11807,T
11808,R
11809,K
11810,D
11811,T
11812,R
11813,o
11814,E
11815,N
11816,S
11817,S
11818,y
11819,d
11820,N
11821,N
11822,Y
11823,n
11824,D
11825,1
11826,I
11827,E
11828,y
11829,G
11830,V
11831,t
11832,T
11833,9
11834,C
11835,a
11836,O
11837,W
11838,D
11839,E
11840,E
11841,d
11842,1
11843,H
11844,E
11845,Z
11846,I
11847,R
11848,X
11849,X
11850,K
11851,D
11852,g
11853,A
11854,D
11855,V
11856,f
11857,1
11858,4
11859,D
11860,J
11861,n
11862,t
11863,E
11864,F
11865,i
11866,a
11867,A
11868,t
11869,n
11870,I
11871,l
11872,a
11873,A
11874,B
11875,O
11876,a
11877,u
11878,3
11879,o
11880,N
11881,P
11882,D
11883,N
11884,B
11885,A
11886,s
11887,R
11888,T
11889,M
11890,I
11891,b
11892,T
11893,R
11894,e
11895,x
11896,S
11897,E
11898,g
11899,H
11900,C
11901,s
11902,H
11903,t
11904,1
11905,l
11906,H
11907,0
11908,S
11909,F
11910,L
11911,V
11912,R
11913,E
11914,N
11915,C
11916,S
11917,S
11918,P
11919,M
11920,r
11921,P
11922,V
11923,0
11924,e
11925,M
11926,R
11927,O
11928,L
11929,R
11930,A
11931,O
11932,L
11933,O
11934,1
11935,2
11936,O
11937,i
11938,S
11939,M
11940,C
11941,g
11942,N
11943,J
11944,c
11945,S
11946,A
11947,l
11948,H
11949,O
11950,O
11951,u
11952,A
11953,T
11954,G
11955,D
11956,b
11957,G
11958,B
11959,4
11960,e
11961,U
11962,E
11963,E
11964,z
11965,R
11966,6
11967,r
11968,A
11969,I
11970,T
11971,E
11972,H
11973,S
11974,T
11975,c
11976,t
11977,F
11978,O
11979,A
11980,c
11981,P
11982,G
11983,O
11984,H
11985,o
11986,U
11987,H
11988,D
11989,E
11990,O
11991,A
11992,H
11993,K
11994,A
11995,c
11996,m
11997,R
11998,A
11999,B
12000,T
12001,I
12002,K
12003,W
12004,H
12005,P
12006,N
12007,M
12008,A
12009,a
12010,3
12011,D
12012,m
12013,E
12014,7
12015,P
12016,A
12017,R
12018,N
12019,D
12020,T
12021,F
12022,0
12023,E
12024,s
12025,U
12026,S
12027,1
12028,C
12029,I
12030,e
12031,H
12032,D
12033,j
12034,o
12035,R
12036,6
12037,r
12038,1
12039,E
12040,D
12041,D
12042,E
12043,0
12044,c
12045,M
12046,s
12047,a
12048,R
12049,4
12050,T
12051,G
12052,J
12053,E
12054,B
12055,R
12056,A
12057,H
12058,D
12059,E
12060,a
12061,5
12062,J
12063,K
12064,M
12065,2
12066,e
12067,T
12068,H
12069,i
12070,p
12071,H
12072,C
12073,A
12074,A
12075,O
12076,C
12077,R
12078,Y
12079,h
12080,R
12081,E
12082,a
12083,I
12084,S
12085,E
12086,a
12087,b
12088,m
12089,s
12090,4
12091,G
12092,M
12093,I
12094,y
12095,K
12096,L
12097,e
12098,l
12099,R
12100,7
12101,r
12102,e
12103,D
12104,L
12105,I
12106,Y
12107,T
12108,E
12109,u
12110,n
12111,A
12112,I
12113,x
12114,M
12115,O
12116,K
12117,c
12118,r
12119,N
12120,E
12121,Y
12122,L
12123,a
12124,j
12125,T
12126,I
12127,O
12128,S
12129,A
12130,K
12131,O
12132,R
12133,E
12134,E
12135,O
12136,1
12137,U
12138,O
12139,N
12140,G
12141,G
12142,L
12143,S
12144,A
12145,A
12146,S
12147,1
12148,p
12149,E
12150,3
12151,D
12152,E
12153,9
12154,c
12155,r
12156,J
12157,A
12158,b
12159,O
12160,r
12161,L
12162,e
12163,f
12164,C
12165,O
12166,C
12167,O
12168,P
12169,D
12170,5
12171,C
12172,A
12173,R
12174,T
12175,I
12176,s
12177,A
12178,E
12179,O
12180,n
12181,C
12182,O
12183,C
12184,6
12185,B
12186,A
12187,D
12188,I
12189,E
12190,N
12191,Q
12192,d
12193,S
12194,E
12195,N
12196,t
12197,o
12198,9
12199,t
12200,w
12201,E
12202,K
12203,s
12204,T
12205,s
12206,A
12207,O
12208,Y
12209,s
12210,i
12211,T
12212,G
12213,W
12214,T
12215,E
12216,9
12217,T
12218,t
12219,B
12220,m
12221,I
12222,l
12223,N
12224,N
12225,p
12226,I
12227,O
12228,1
12229,S
12230,o
12231,2
12232,a
12233,r
12234,C
12235,E
12236,i
12237,y
12238,A
12239,T
12240,P
12241,R
12242,A
12243,J
12244,P
12245,H
12246,R
12247,M
12248,j
12249,Z
12250,s
12251,i
12252,n
12253,n
12254,U
12255,t
12256,h
12257,9
12258,I
12259,e
12260,2
12261,O
12262,w
12263,D
12264,d
12265,9
12266,O
12267,E
12268,G
12269,o
12270,6
12271,O
12272,2
12273,a
12274,U
12275,g
12276,l
12277,l
12278,C
12279,q
12280,R
12281,E
12282,h
12283,P
12284,C
12285,T
12286,1
12287,B
12288,4
12289,e
12290,H
12291,S
12292,p
12293,A
12294,N
12295,o
12296,m
12297,R
12298,c
12299,P
12300,I
12301,N
12302,R
12303,o
12304,N
12305,W
12306,A
12307,O
12308,5
12309,r
12310,e
12311,A
12312,u
12313,D
12314,M
12315,N
12316,A
12317,O
12318,O
12319,n
12320,R
12321,G
12322,i
12323,D
12324,R
12325,A
12326,N
12327,r
12328,L
12329,I
12330,E
12331,D
12332,F
12333,F
12334,Y
12335,O
12336,N
12337,2
12338,C
12339,7
12340,J
12341,R
12342,G
12343,r
12344,E
12345,T
12346,I
12347,O
12348,D
12349,A
12350,a
12351,S
12352,R
12353,E
12354,k
12355,n
12356,E
12357,G
12358,K
12359,I
12360,A
12361,L
12362,t
12363,V
12364,2
12365,P
12366,K
12367,H
12368,E
12369,I
12370,G
12371,O
12372,E
12373,C
12374,N
12375,V
12376,o
12377,M
12378,C
12379,C
12380,9
12381,r
12382,T
12383,O
12384,C
12385,A
12386,C
12387,t
12388,Y
12389,U
12390,Y
12391,I
12392,L
12393,P
12394,O
12395,J
12396,c
12397,I
12398,E
12399,1
12400,A
12401,E
12402,L
12403,t
12404,D
12405,A
12406,U
12407,E
12408,T
12409,L
12410,N
12411,O
12412,N
12413,W
12414,t
12415,m
12416,i
12417,J
12418,0
12419,7
12420,b
12421,D
12422,I
12423,R
12424,R
12425,J
12426,A
12427,R
12428,E
12429,O
12430,i
12431,K
12432,f
12433,o
12434,i
12435,a
12436,A
12437,p
12438,p
12439,w
12440,R
12441,G
12442,A
12443,W
12444,O
12445,i
12446,b
12447,S
12448,o
12449,b
12450,A
12451,S
12452,A
12453,E
12454,4
12455,C
12456,K
12457,I
12458,X
12459,l
12460,A
12461,S
12462,1
12463,m
12464,y
12465,E
12466,I
12467,d
12468,e
12469,N
12470,C
12471,I
12472,q
12473,C
12474,E
12475,I
12476,J
12477,T
12478,n
12479,W
12480,O
12481,n
12482,A
12483,L
12484,D
12485,m
12486,y
12487,A
12488,m
12489,M
12490,C
12491,S
12492,R
12493,4
12494,e
12495,C
12496,E
12497,I
12498,X
12499,0
12500,o
12501,R
12502,N
12503,M
